,countyID,newInf100k,7DayInf100k,newInf100k_RKI,7DayInf100k_RKI,newInfRaw,7DayInfRaw,newInfRaw_RKI,7DayInfRaw_RKI
0,03159,0.6558862278951971,4.546027664069818,0.9103654206798609,1.8207308413597219,2.1613943576812744,14.980888643622398,3,6.0
1,09576,0.0013817874482534118,0.010075828024816396,0.7991050023973151,1.5982100047946302,0.0017291688127443194,0.012608891190255237,1,2.0
2,07334,2.3831798868434104,12.534660440998424,0.0,4.713164654407202,3.0338594913482666,15.956998781204224,0,6.0
3,06631,0.7908634055267967,3.9645276569608336,0.0,7.268366252975488,1.740943431854248,8.727194021821022,0,16.0
4,10046,0.4146202673862912,1.2046923351272558,0.0,0.0,0.368564248085022,1.0708751105413203,0,0.0
5,01058,0.7675327350434253,2.3855548264353827,0.0,0.3698525767629023,2.075239658355713,6.4500154286194595,0,1.0
6,03459,0.25399021951626094,1.3719302602770318,1.6756078965814807,1.954875879345061,0.9094856381416321,4.912594156697392,6,7.0
7,05316,6.563304280526284,23.56239693263132,1.2233388587471787,6.728363723109482,10.730149269104004,38.521455873250964,2,11.0
8,15089,0.01285703752251712,0.08012489924043399,0.5084013320114898,0.5084013320114898,0.025289149954915047,0.15760167056097163,1,1.0
9,04011,0.2625054573250794,1.490089913844248,0.5381513425082158,1.973221589196791,1.4633734226226807,8.306714837312699,3,11.0
10,05966,13.028913671434575,38.56728701265767,1.4666520001466652,5.866608000586661,17.766878128051758,52.59228093481064,2,8.0
11,09174,0.8334832281810002,4.206930546466228,0.0,6.69478476266988,1.24497389793396,6.283892157256603,0,10.0
12,08121,0.19662804780085036,1.094683644597377,0.0,2.447640882129774,0.24100109934806824,1.3417209026736674,0,3.0
13,12072,0.2518906034743999,1.6736649004226656,0.6114225969563383,1.2228451939126765,0.41197463870048523,2.737329154588282,1,2.0
14,07135,0.07281300243584894,0.35689997017697617,0.0,0.0,0.04542876034975052,0.2226734603931172,0,0.0
15,09478,0.4329362873125752,2.3786561090174168,1.5002625459455405,7.501312729727703,0.288573682308197,1.585493229465559,1,5.0
16,05770,0.0846504955660362,0.5590649399459552,0.6388755789809935,2.555502315923974,0.2649983763694763,1.7501527945008128,2,8.0
17,15003,1.0365100638452132,5.120251467132022,2.121133703541869,5.939174369917233,2.4432926177978516,12.069610365867614,5,14.0
18,12069,0.01724533159834218,0.1495791585130513,0.0,0.0,0.03637212887406349,0.31547740321987655,0,0.0
19,08315,6.048846198396252,18.20455819458345,0.7771728782208959,3.497277951994031,15.566282272338867,46.84815619468689,2,9.0
20,05114,0.7032345248002324,3.507841246795143,0.44416018192801054,5.3299221831361265,1.5832903385162354,7.8976940966844555,1,12.0
21,05958,10.835799281734769,40.2972378583508,0.37912966992970937,14.027797787399246,28.580720901489258,106.28880051994324,1,37.0
22,08211,1.7059039726215064,5.106600027532159,0.0,0.0,0.9239175915718079,2.7657345749114173,0,0.0
23,09661,7.682485571873349,23.97792619473953,1.449569477865074,4.348708433595222,5.299839496612549,16.54141216470301,1,3.0
24,09672,0.3827223918270219,0.58396403096589,2.9096269858204176,2.9096269858204176,0.3946097493171692,0.6021019537676906,3,3.0
25,09361,1.3142911741011991,3.5715188689098913,0.0,7.166575093762691,0.5501754283905029,1.4950735137143696,0,3.0
26,07231,0.8356480800223273,3.873490809687526,0.8942304252959903,3.576921701183961,0.9344885349273682,4.331647302657366,1,4.0
27,05124,1.5058406190509352,8.142480947113926,0.857030218885518,3.9994743547990836,5.271134853363037,28.502428856134415,3,14.0
28,05154,0.05872687271613732,0.45380654476817245,0.32223034958770624,2.9000731462893565,0.1822512149810791,1.4083296168372035,1,9.0
29,08237,8.198660143865796,18.832882619646757,1.7206817341030518,2.5810226011545776,9.529548645019531,21.890024455294014,2,3.0
30,08222,0.5017828072752445,2.2965796479152583,0.0,0.6540650140623978,1.5343514680862427,7.022481247395277,0,2.0
31,06435,0.5127520399585609,2.9020951203892302,1.9419549660643372,4.369398673644758,2.1123127937316895,11.955354974150657,8,18.0
32,08235,0.4396343129301741,2.0124038828583495,0.0,4.50569326527591,0.6830114722251892,3.126450548369903,0,7.0
33,06438,0.6780766415208273,3.6811259647577024,0.8636647598868022,5.469876812616414,2.3553466796875,12.786648717403413,3,19.0
34,09763,0.526999897324147,0.898027783791169,0.0,4.481156735925433,0.3528106212615967,0.6012026604146739,0,3.0
35,15084,0.578195717778464,2.7927655484451765,0.0,0.0,1.0643484592437744,5.140950749233365,0,0.0
36,15090,41.6724582690719,58.463810415366765,0.0,1.7351772483559196,48.032508850097656,67.38655716096004,0,2.0
37,06634,0.8688677924820868,4.605183021629929,1.1092008208086075,4.991403693638733,1.5666555166244507,8.303605506300926,2,9.0
38,03252,0.18380150867112566,1.1406114555765392,0.0,0.6743952360720523,0.27254271507263184,1.691310072443448,0,1.0
39,05117,1.2139177208022045,6.214506961141633,3.5444653174068694,12.405628610924044,2.0548956394195557,10.519793093681335,6,21.0
40,15087,17.54270173975126,36.90010609350126,0.0,3.5358678434034854,24.80678367614746,52.17970202469826,0,5.0
41,08311,2.83124308457577,9.446519920644853,0.44170977017840657,4.858807471962472,6.409736156463623,21.386259843945503,1,11.0
42,09773,0.8998271368371096,3.1801748614947325,0.0,0.0,0.8510115146636963,3.007650375258643,0,0.0
43,05374,0.23935598579568446,1.3851667138733472,0.0,1.0970846803095242,0.6545237302780151,3.787766082420945,0,3.0
44,03154,0.7240314301245852,1.1380057700355954,0.0,0.0,0.6624887585639954,1.04127527958257,0,0.0
45,09262,0.2915913480249372,1.5209324189536784,0.0,3.95522683225883,0.14744608104228973,0.769074686968117,0,2.0
46,09471,0.13466295144826065,0.6181995660506843,0.0,2.7478189187332553,0.19602885842323303,0.8999131082999811,0,4.0
47,15086,7.756494596127137,21.211786102650816,0.0,2.181191584962865,7.1121625900268555,19.449723031103613,0,2.0
48,03354,52.47649619878385,77.05917931910973,0.0,1.994893073731248,26.305418014526367,38.62822540908333,0,1.0
49,09463,0.01862887477753111,0.1848822641631337,2.423831107448433,4.847662214896866,0.007685714866966009,0.07627687572578407,1,2.0
50,09461,70.25680753194419,90.37116436746165,0.0,2.727359506893401,51.52001953125,66.2700785423033,0,2.0
51,06533,1.0427622540436075,3.735484814488471,0.5816591244866858,1.1633182489733715,1.7927377223968506,6.4221202027648685,1,2.0
52,16065,0.0020557472337631075,0.014176915877340402,0.0,0.0,0.001585186691954732,0.010931819833017184,0,0.0
53,03257,0.09455985216020327,0.1995257269870955,0.0,1.920540824296122,0.14770816266536713,0.3116711570974624,0,3.0
54,09775,1.8869134745614553,9.028960068255302,0.5871680298751093,6.458848328626203,3.213583469390869,15.377131602644921,1,11.0
55,08126,0.04583905455133088,0.33446111556696806,0.0,0.9075974986612937,0.050505928695201874,0.36851260174284106,0,1.0
56,06532,1.2030833340076523,3.629153405718258,0.0,0.394996188286783,3.0458099842071533,9.187818802654743,0,1.0
57,05970,5.458869825401198,9.974280563711144,0.0,3.2051282051282053,15.328506469726562,28.00777982290089,0,9.0
58,09673,4.783698939275851,12.817910611403322,0.0,0.0,3.8137083053588867,10.218822876729071,0,0.0
59,06534,0.03718508426317162,0.2084649358421665,0.0,1.2232864814610935,0.0911930724978447,0.5112414933086875,0,3.0
60,06414,1.2728108831422116,5.2711581538673675,0.3620328870674612,3.6203288706746126,3.515732765197754,14.559887629449367,1,10.0
61,05566,1.503280403698071,6.020719468107752,0.4510864416948219,1.5788025459318769,6.665154457092285,26.694304734528064,2,7.0
62,08111,1.6749243656776136,7.666773736818813,1.4429135310017989,7.3748913806758605,10.447139739990234,47.82058117055893,9,46.0
63,15083,0.26674720067314295,1.07527558807154,1.1529171686660171,2.882292921665043,0.4627343714237213,1.8653128208953422,2,5.0
64,07316,2.7182491372811546,10.156804206726175,0.0,1.8868280533594974,1.4406448602676392,5.383004661522806,0,1.0
65,07332,0.34057190417107247,0.5251224390129638,0.0,0.0,0.45024627447128296,0.6942276180483087,0,0.0
66,16061,1.4178964081676453,4.492980356207092,0.0,0.0,1.4366835355758667,4.552512345926836,0,0.0
67,09674,53.46800125513006,101.92061966274913,0.0,1.1822986249866991,45.22377014160156,86.20547931694985,0,1.0
68,03461,0.058710811380982615,0.23028346312081255,0.0,1.120586290747319,0.05239294096827507,0.20550265965438191,0,1.0
69,07335,0.03160794503513961,0.2118982791700433,1.9053788845912007,4.763447211478002,0.03317759558558464,0.22242114771362764,2,5.0
70,05378,2.2345602952338868,8.446868835436254,0.7073911767098529,2.475869118484485,6.317749977111816,23.88174778974056,2,7.0
71,16068,3.0431595470007013,7.969720539458989,0.0,4.2492917847025495,2.148470640182495,5.6266227008580465,0,3.0
72,07141,0.7744955935294142,0.804962709827569,0.0,0.0,0.9568350911140442,0.9944750806022735,0,0.0
73,09271,1.252140960888354,3.818657441310326,0.8576623554838931,2.572987066451679,1.4599462747573853,4.452401830270188,1,3.0
74,16064,0.7532760416686959,1.7767685044142798,0.0,0.0,0.7929962873458862,1.8704575076520447,0,0.0
75,05112,8.299555405434893,34.555794346070485,2.2392723586255756,16.082046939220042,40.769989013671875,169.7487741241455,11,79.0
76,08326,0.022771780497175514,0.17187246940096074,0.47699000228955196,0.9539800045791039,0.04774058237671852,0.3603271946497262,1,2.0
77,16069,4.0061079512067534,16.58045331265713,0.0,3.099621846134772,2.5849010944366455,10.698371695458889,0,2.0
78,05915,0.8068527300313949,5.034229776758638,0.0,5.016806301108715,1.4474695920944214,9.031257192611694,0,9.0
79,06412,2.710069464733369,11.705699998740506,1.228353678509816,7.370122071058896,19.856353759765625,85.76625920677185,9,54.0
80,03352,0.10657994559883958,0.706919770640468,0.0,0.0,0.2111380696296692,1.4004292732318864,0,0.0
81,04012,1.1073525237869835,5.124755899089649,4.385003288752467,7.89300591975444,1.262658715248108,5.843502913936972,5,9.0
82,07311,0.4372301964986301,0.6806817785010162,0.0,0.0,0.21145763993263245,0.3291981285364465,0,0.0
83,09577,0.3438931684793785,1.5881265950335348,0.0,0.0,0.3209967613220215,1.4823891263362021,0,0.0
84,12054,0.3469629917931047,1.6599415630135914,0.0,0.5961429550806283,0.5820130705833435,2.7844689748771487,0,1.0
85,09162,2.26043368365162,10.972442625611757,1.7236850179366665,7.377371876768931,32.7849006652832,159.14222307777405,25,107.0
86,03454,0.6211857768133856,2.961613746950976,0.31300080128205127,4.382011217948718,1.9846140146255493,9.462000527858734,1,14.0
87,03103,0.3101787369553683,1.5636745448734375,0.0,0.8061590551815874,0.3847612142562866,1.9396600891882554,0,1.0
88,10042,0.20812358718831428,0.8829971662803373,0.9615661990249719,0.9615661990249719,0.2164422869682312,0.9182905630165624,1,1.0
89,12053,0.4366256210960436,1.7122718144879443,0.0,0.0,0.25364455580711365,0.9946929424723366,0,0.0
90,06434,0.6602112141484145,2.5673928990433916,0.4283994567894888,0.8567989135789776,1.5411112308502197,5.992988222450018,1,2.0
91,06440,0.5882293480728006,2.7713001108996,0.9936044990411717,3.312014996803905,1.7760467529296875,8.36741413784027,3,10.0
92,12073,0.23202521824597552,0.742011291695422,0.0,0.0,0.2807829976081848,0.897937544532298,0,0.0
93,05913,5.091872560318033,23.36926372729249,0.6823830864528192,9.894554753565878,29.84758949279785,136.9861838092804,4,58.0
94,12060,0.08742825092929536,0.49426424458331736,0.0,1.1273258140701534,0.15510733425617218,0.8768791389577091,0,2.0
95,06633,0.28902541551079064,1.458104287065491,0.42406483103136805,1.2721944930941043,0.6815595030784607,3.4383994624577463,1,3.0
96,08118,0.8977594245150068,4.570504917124176,0.0,1.4979197639278452,4.794699668884277,24.409878431081772,0,8.0
97,09177,4.312085407633595,19.303074329742753,0.0,6.729122896214494,5.767284870147705,25.81728282380104,0,9.0
98,06635,15.746310820004148,40.598345196811714,0.6345499771562008,6.980049748718209,24.814926147460938,63.97974416255951,1,11.0
99,09780,0.25657624602817536,1.3940014682342796,0.0,0.0,0.39172008633613586,2.1282499215826394,0,0.0
100,08325,0.02260057492689653,0.1540696478783608,0.7272727272727272,0.7272727272727272,0.031075790524482727,0.2118457658327461,1,1.0
101,03453,0.07417273380022686,0.4428506942030046,1.8211176806245217,2.4281569074993627,0.12218771129846573,0.7295256625883776,3,4.0
102,07313,0.7654972416158022,2.7090325324155993,0.0,0.0,0.34724485874176025,1.2288713373543643,0,0.0
103,03460,1.489411236289283,7.9234798551997905,0.0,17.40820797005788,2.053391695022583,10.923784737169743,0,24.0
104,07314,0.654384369891208,2.9522832758111064,0.607098192061584,3.03549096030792,1.0778888463974,4.862941966250538,1,5.0
105,09261,3.7334594013349536,10.423645899897906,0.0,1.4448570313967433,2.5839645862579346,7.2143095637783405,0,1.0
106,03255,0.618541651093229,1.1699833887604538,0.0,0.0,0.443240761756897,0.8383983965518536,0,0.0
107,06413,1.270231755208697,7.245712089985992,1.616370601451501,12.122779510886255,1.5717085599899292,8.965409397423267,2,15.0
108,08436,1.1059184969291023,4.814425310270226,2.148258478460128,4.296516956920256,3.0887861251831055,13.446497314572333,6,12.0
109,09273,2.4791049039394424,10.737959199858981,0.8405833648552095,6.724666918841676,2.9492671489715576,12.774413162112236,1,8.0
110,07331,0.008844185255200131,0.033526159659845935,0.0,0.0,0.011256348341703415,0.042670084445472316,0,0.0
111,05113,0.6276941259499076,3.259713504797558,1.2014609765474817,5.664030318009557,3.6570966243743896,18.991873210191727,7,33.0
112,09764,1.7492891245620017,7.676480999874913,0.0,0.0,0.7494129538536072,3.2886812251564117,0,0.0
113,05766,0.2967926577338982,1.6505183252197286,0.5702066999287242,1.7106200997861725,1.041000247001648,5.789193025708198,2,6.0
114,08119,0.9479574111128567,4.825552025548989,1.43042416844675,6.675312786084834,3.976264238357544,20.241067504286764,6,28.0
115,03452,0.5008963914952601,1.208695055009967,0.0,1.0570880395773763,0.9476909637451172,2.2868389571283076,0,2.0
116,06531,0.5455281933780689,2.4210520371335185,0.0,0.7618902497095293,1.4320387840270996,6.355382650077343,0,2.0
117,07315,0.7501474932324904,3.0110364923946373,0.4766921379165694,1.9067685516662776,1.573651909828186,6.316522243380547,1,4.0
118,09375,0.7558649460814547,2.8214250352017083,0.5280109826284387,2.112043930513755,1.431532621383667,5.343496874168515,1,4.0
119,08216,0.5273161404254655,2.388463888872814,0.0,1.3188320423433006,1.1995071172714233,5.433134346574545,0,3.0
120,16051,0.28444411718093865,0.7593026207509558,0.0,0.0,0.5976682901382446,1.5954314806694934,0,0.0
121,03458,0.380766124986659,3.0677864412608193,0.7775566061209256,7.775566061209257,0.4896956980228424,3.9454187863767145,1,10.0
122,16056,1.5595158966983211,2.297342711406065,0.0,2.3575453238088504,0.6614998579025269,0.9744638578971107,0,1.0
123,09263,37.85203166717658,100.10290122799285,0.0,14.955347605007905,17.717021942138672,46.854163948774335,0,7.0
124,02000,0.08004760588097812,0.5441452748638327,0.223787741802655,0.7832570963092925,1.4307773113250732,9.726096174538135,4,14.0
125,15085,27.52166751079801,42.449416350744784,0.0,0.0,60.923614501953125,93.9685749989897,0,0.0
126,08426,0.2723216373958203,1.789976502601338,0.0,0.5154134388900057,0.5283557176589966,3.4728945105820896,0,1.0
127,12052,0.5916980298098061,0.7990988427495318,0.0,0.0,0.5898460149765015,0.7965976633717258,0,0.0
128,16071,8.498796282814734,14.378720644610521,0.0,2.435252718350847,6.979806423187256,11.808811903799283,0,2.0
129,16053,149.16049691496588,192.18574602794646,0.0,1.8260337633642847,163.3710174560547,210.49528205202893,0,2.0
130,09373,0.057819174006841306,0.4166676588865781,0.0,3.067837558001304,0.07538753002882004,0.5432721270392649,0,4.0
131,01003,0.24069876622173125,1.2530914022073942,0.0,0.9248426611422732,0.5205183029174805,2.7098477500155567,0,2.0
132,16077,0.2367901241026459,0.7298471719613476,0.0,3.248722169280083,0.21866147220134735,0.6739700724759868,0,3.0
133,16063,2.954020520485352,5.846585494798409,0.0,1.5916597031554656,3.711874485015869,7.34652700348894,0,2.0
134,06632,1.107411561439574,5.985397077401899,0.0,0.0,1.3418062925338745,7.252266222804785,0,0.0
135,01055,21.90795965413655,30.327862367644023,1.5032018198763366,4.008538186336898,43.722591400146484,60.52652804160188,3,8.0
136,01057,0.3908023243756763,1.1292702322102661,0.0,0.0,0.5014150142669678,1.4488988787350598,0,0.0
137,01060,5.4317303711140115,16.91083742580309,0.3738275832420571,4.859758582146743,14.530041694641113,45.236997439146045,1,13.0
138,12067,4.9171493137838365,13.128395119800238,0.0,1.6447638941429956,8.968732833862305,23.945798846662044,0,3.0
139,12061,0.5522015959467856,3.15091818425999,0.0,1.215598560731304,0.9085262417793274,5.184142670199275,0,2.0
140,09676,1.0372159481902425,3.689368576185348,0.778537284150538,5.449760989053766,1.332262396812439,4.738846361367032,1,7.0
141,03359,0.04516907131422706,0.27822528206409325,0.9997300728803222,0.9997300728803222,0.0903625339269638,0.5566008057805011,2,2.0
142,07338,1.0822414085407617,4.713627458192553,0.0,3.9591939081203065,1.6400935649871826,7.143313867792487,0,6.0
143,07134,4.361350268840878,7.977168180756351,0.0,1.2404639335111332,3.515902519226074,6.430794128916732,0,1.0
144,06437,13.911817491669016,32.11233463201326,1.0309278350515463,6.185567010309279,13.494462966918945,31.148964593052863,1,6.0
145,09179,1.883183457236369,8.587535930282614,0.46842576154318183,7.963237946234091,4.020238876342773,18.33275757932663,1,17.0
146,14627,5.871250097026496,9.281504474610852,0.0,0.4077571724486634,14.39888858795166,22.762332833714638,0,1.0
147,14628,0.2589973734916601,0.7220209140796762,0.0,0.4041841139475854,0.640790581703186,1.7863663839428086,0,1.0
148,14729,0.12675835085684278,0.48660230606828264,0.0,0.0,0.32755371928215027,1.2574192870649277,0,0.0
149,14730,0.09688778669950388,0.41880955228044814,0.5060600693302295,0.5060600693302295,0.19145511090755463,0.8275886157837795,1,1.0
150,09188,1.63352278657603,9.27633328945828,0.0,2.2451560757665336,2.182729482650757,12.39512930470705,0,3.0
151,09184,3.8022395840489938,15.59509746289323,1.1764602077040498,6.176416090446261,12.927728652954102,53.023799226760865,4,21.0
152,09776,0.30610337385622427,1.512014851434383,1.2433326287781772,2.4866652575563544,0.24619588255882263,1.2160984248601598,1,2.0
153,08435,0.07959578550848216,0.4096692012352306,4.712513136130367,7.068769704195551,0.16890305280685425,0.8693221417131717,10,15.0
154,09181,0.10807276221952573,0.695740601430352,0.0,0.0,0.12715516984462738,0.8185875194249093,0,0.0
155,15002,0.11270947057994571,0.5787283079293953,0.0,0.42195695195176186,0.26711130142211914,1.3715340042449533,0,1.0
156,15088,0.22308754613138607,1.1639360205828015,0.5363914799577324,0.5363914799577324,0.41590434312820435,2.169937562532723,1,1.0
157,09171,0.5100195037663167,1.6650405757801903,0.0,0.9217864220860026,0.5532946586608887,1.8063192686351395,0,1.0
158,09277,0.3902449103725956,1.5070345939430645,0.0,0.0,0.4652421772480011,1.7966565022070426,0,0.0
159,09161,0.06971285677616501,0.5109066555056083,0.0,3.0202811881786196,0.09232631325721741,0.6766345564185176,0,4.0
160,09176,0.010550935046235336,0.05553697306229561,0.0,0.0,0.013590131886303425,0.07153439815288987,0,0.0
161,09372,0.008020543320220742,0.036890253735443176,0.0,0.0,0.010134678333997726,0.04661415571756865,0,0.0
162,16067,0.18659373637441246,1.0013341857874754,0.7308285403161564,2.192485620948469,0.2553180754184723,1.3701355797548604,1,3.0
163,09675,1.3951308526557746,3.8012326907268563,0.0,1.1197455938010883,1.2459355592727661,3.394728866780526,0,1.0
164,09575,0.42499727522506847,2.29078387427504,0.0,1.0126479731850817,0.4196890592575073,2.2621719836853447,0,1.0
165,09178,0.2374657994139709,1.4004426854851444,1.7318516380430076,6.350122672824361,0.4113501310348511,2.4259168419316413,3,11.0
166,09163,0.3236876573563239,1.8454914315919975,0.0,6.467886941336265,0.20018139481544495,1.141325720953755,0,4.0
167,09187,4.18193900590854,14.15797452885595,0.3905121175910088,0.7810242351820176,10.708858489990234,36.254891695022586,1,2.0
168,03251,0.6368609884366697,3.8063757199001977,2.3367106591393427,11.683553295696713,1.3627296686172485,8.144730510413646,5,25.0
169,08226,2.4481234130424583,8.200710090425204,1.1072991313238314,2.58369797308894,13.265377044677734,44.436285688877106,6,14.0
170,08215,0.08262610647788607,0.5751431237142537,0.22944147062805015,1.8355317650244012,0.36011844873428345,2.50670954182744,1,8.0
171,07339,4.792787588894045,10.99846396390709,0.0,2.395221054951161,10.00489616394043,22.95918354001641,0,5.0
172,07140,9.08603673235705,13.6585295956884,0.0,0.9753338079957866,9.31582260131836,14.003953809163358,0,1.0
173,08225,2.4084428164436797,5.315926636375774,0.0,0.6996138131751274,3.4425318241119385,7.5983728969700755,0,1.0
174,01054,0.06747083289939096,0.142099885965401,1.2198097096852891,1.8297145645279336,0.11062517762184143,0.2329869730288715,2,3.0
175,09185,0.27286970988427633,1.0604588400197763,0.0,0.0,0.2582820951938629,1.0037667104323191,0,0.0
176,10044,0.06380941665133427,0.37711444379487435,0.0,2.0303640950413433,0.12571029365062714,0.7429493945758441,0,4.0
177,08417,1.1128898124438955,5.5929919205274725,0.5302367507091917,5.832604257801108,2.0988545417785645,10.548103112518787,1,11.0
178,08437,3.26940473898923,5.770924425996197,0.0,0.0,4.275465965270996,7.546753290363747,0,0.0
179,07235,4.737735554178318,15.580934259899388,0.0,11.48656409840607,7.011801242828369,23.059626895308494,0,17.0
180,09186,0.043833201770800606,0.33540851894552437,0.0,2.416860015467904,0.05440927669405937,0.4163358863967005,0,3.0
181,09779,0.43132901532063045,1.7794443641557498,0.0,4.568122121131371,0.5665290951728821,2.3372112001003695,0,6.0
182,16074,0.8133183246666726,1.0306707141601221,0.0,0.0,0.7009502649307251,0.8882732482917597,0,0.0
183,08336,3.771268545530665,10.251689572577074,0.4410960354288336,2.205480177144168,8.54976749420166,23.241400396198035,1,5.0
184,16070,7.25070222236231,12.503014272425983,0.9122422915526364,5.473453749315818,7.9482197761535645,13.705804245433363,1,6.0
185,06535,10.088853693083113,21.15023034120645,0.9323487730290148,3.729395092116059,10.820900917053223,22.68489105476439,1,4.0
186,09762,3.0514551234003706,3.784250488218316,0.0,0.0,1.3039172887802124,1.6170480761205688,0,0.0
187,12070,0.37265757788572734,0.6277002454248586,0.0,0.0,0.2890816628932953,0.4869259113834255,0,0.0
188,12064,0.04615974834189151,0.28834185927684447,0.5243453548245016,0.5243453548245016,0.08803310245275497,0.5499082935012412,1,1.0
189,06436,0.27515050972203475,1.6296323354513484,0.4294647151790009,1.2883941455370027,0.6406824588775635,3.7945663004517556,1,3.0
190,03353,0.5021948240969857,2.4637343794780784,0.0,2.0151377145114098,1.2460558414459229,6.113067017048597,0,5.0
191,08212,0.18286855309381914,1.223488165565057,0.0,0.3249337947393219,0.5627871155738831,3.765346003934741,0,1.0
192,05558,2.532251783961138,9.060590154964705,0.45787336138570794,0.45787336138570794,5.530463218688965,19.788419504344464,1,1.0
193,03355,4.494934354752374,7.802921696439529,0.0,0.0,8.123200416564941,14.101362060588551,0,0.0
194,03102,0.33557608424818197,1.9316709656436604,0.0,1.978650362587679,0.33919695019721985,1.9525136953629554,0,2.0
195,03455,4.255030810285028,11.25933799524701,0.0,0.0,4.165675163269043,11.022891897346824,0,0.0
196,09464,0.475290220145735,0.82368870835207,0.0,0.0,0.21226461231708527,0.36785937715003447,0,0.0
197,03153,0.17493671763670757,0.7796617374230548,0.0,1.4468011227176714,0.24182552099227905,1.077773199344134,0,2.0
198,16062,0.447831752464925,0.7071016805252902,0.0,1.171577529142991,0.38224679231643677,0.6035466394123614,0,1.0
199,07317,2.566058316334757,4.206202742895549,0.0,7.476635514018692,1.0296308994293213,1.687738850586839,0,3.0
200,07133,0.04260203131565412,0.19346863376575657,0.0,0.6376696998488722,0.06680893152952194,0.3033994461577971,0,1.0
201,07111,89.25276866692809,110.47837465931099,0.8882099017639848,0.8882099017639848,100.48612213134766,124.38318289393186,1,1.0
202,08136,0.05615624488496254,0.4450164435113524,0.31984647369262753,2.238925315848393,0.1755724996328354,1.391343910638243,1,7.0
203,08127,1.0311190450187888,3.578700128837471,0.0,1.565647604037283,1.9757684469223022,6.857290464870632,0,3.0
204,08416,0.14273998142860575,0.6639001883503179,0.0,0.0,0.3166500926017761,1.472776260830695,0,0.0
205,16054,2.1034550126156804,5.323379142069823,0.0,0.0,0.7736086845397949,1.9578323808704394,0,0.0
206,16066,0.7555166964466932,3.7364373336380834,0.0,1.6048401980372806,0.9415475726127625,4.656460298299789,0,2.0
207,05358,0.1973458971215174,1.1235536039304765,0.7609539318489659,3.8047696592448292,0.5186802744865417,2.9530134661383927,2,10.0
208,03256,0.04893843195993994,0.3273939474697801,0.0,0.0,0.05903540924191475,0.3949418667117452,0,0.0
209,08221,0.13684328863525508,0.47829684060691047,0.6399303755751374,1.2798607511502749,0.21384090185165405,0.7474201239112008,1,2.0
210,09276,0.5714180556050329,0.7575434255944713,0.0,0.0,0.4389176368713379,0.5818842560676253,0,0.0
211,09175,7.781521202737689,18.747827248545164,0.7276908187249401,2.1830724561748207,10.69344425201416,25.76345168322325,1,3.0
212,08231,10.63382241272808,34.658250405237325,0.0,5.7261118882262965,12.999528884887695,42.368671372890475,0,7.0
213,05512,6.010214000601704,18.587422494044965,1.707314991079279,5.121944973237838,7.0405449867248535,21.773864332199096,2,6.0
214,05711,1.394335182645978,6.71275144831729,1.5010957999339518,10.207451439550871,4.644391059875488,22.35950379920006,5,34.0
215,09477,0.4710177518005843,0.7691954869371875,0.0,0.0,0.3413371443748474,0.557420585473641,0,0.0
216,12063,0.05846583165806385,0.4143932970286585,0.0,1.2639348820748755,0.09251399338245392,0.6557193774862681,0,2.0
217,06611,0.24881285856262209,1.666930892861656,0.5050913205107483,4.040730564085987,0.4926096498966217,3.300256458923221,1,8.0
218,05762,0.008010740633325754,0.06777635212402565,0.0,0.6943962224845497,0.011536267586052418,0.09760472469380933,0,1.0
219,08125,0.03326799163182706,0.23914337705661645,0.0,0.2990537937964281,0.11124417185783386,0.7996667556720786,0,1.0
220,12051,0.3880518118393878,0.6753668044219258,0.0,0.0,0.27774420380592346,0.48338703659694915,0,0.0
221,08117,0.10076996849494158,0.7440891744993334,0.7912988775425421,4.3521438264839825,0.2546950876712799,1.8806779476553201,2,11.0
222,07233,0.22646321232124283,1.1716728075700045,0.0,0.0,0.13767604529857635,0.7123067666341085,0,0.0
223,01004,0.41969265286283663,0.7645314704521522,1.2626740911903227,1.2626740911903227,0.33238399028778076,0.605485988653991,1,1.0
224,03360,1.827562211544972,2.4423245269175657,1.0737563217403443,1.0737563217403443,1.7020269632339478,2.274561255163598,1,1.0
225,01056,5.714284273408229,11.88656391016959,1.3009356980007871,2.2766374715013775,17.569766998291016,36.54773692023754,4,7.0
226,09574,0.0021373146997106917,0.016080496286256008,1.789517009359174,4.77204535829113,0.0035830584820359945,0.02695782638916816,3,8.0
227,09671,3.6412575121435693,11.611847210988715,0.0,3.454330867324909,6.324682235717773,20.16919801312685,0,6.0
228,08135,0.06499423313790403,0.4062670680461292,1.5322500325603132,3.830625081400783,0.08483502268791199,0.5302882159085711,2,5.0
229,07319,3.0157952351516815,8.479139943592655,0.0,2.4359942510535673,2.4760282039642334,6.961543476488441,0,2.0
230,01062,0.7607210759763069,3.4438688665862505,0.0,0.0,1.8227941989898682,8.25199194598198,0,0.0
231,06439,1.0996758798628479,4.911892610498212,0.0,2.7157087456684446,2.0246572494506836,9.043481960892677,0,5.0
232,07211,36.4608495096061,78.25177405458427,0.8702159876081244,6.961727900864995,41.89862060546875,89.92224363708496,1,8.0
233,05974,0.12061383815135819,0.7810968583425961,0.33003844947936434,1.6501922473968218,0.36545389890670776,2.366684425935149,1,5.0
234,09377,3.0183192441807987,6.312126896395923,0.0,0.0,2.212850570678711,4.627672712823707,0,0.0
235,07333,0.546932236304962,1.530631576568071,0.0,0.0,0.4114571213722229,1.1514941350521597,0,0.0
236,07131,8.237505403213996,26.94955210362166,0.0,8.609219691633404,10.525060653686523,34.433442722797395,0,11.0
237,06431,2.459590329130955,8.019009500858967,0.0,1.1238985793921956,6.565335273742676,21.404981680452824,0,3.0
238,09778,15.46144052507028,39.56409247122792,0.7121543380881504,2.8486173523526017,21.710800170898438,55.55550300717354,1,4.0
239,09663,0.02048210238088791,0.14240854941301395,0.0,0.8008136266446709,0.02557661570608616,0.17782982790851293,0,1.0
240,09275,0.5863955058173268,3.506848130733719,1.0619318664514485,4.247727465805794,1.1043938398361206,6.604657495498658,2,8.0
241,06636,0.1610501937097325,0.9238779756147567,0.0,0.0,0.16220170259475708,0.9304837031404022,0,0.0
242,08116,0.5569660105026197,2.884297367139631,1.5263476218550085,3.052695243710017,2.9192092418670654,15.117381261467933,8,16.0
243,05119,1.1490948359575444,5.348526225797639,2.3704097016128265,7.111229104838481,2.4238317012786865,11.281860309123992,5,15.0
244,03357,0.05623132575880161,0.3165203158655746,0.0,0.0,0.09179932624101639,0.5167289112600265,0,0.0
245,07312,2.2573590617425743,9.87178185813271,0.0,15.22533495736906,2.223950147628784,9.725679486632346,0,15.0
246,01001,0.01789162972341775,0.10226823240505029,0.0,0.0,0.015376424416899681,0.08789136429354831,0,0.0
247,01059,0.2561166216107778,0.4026227880604272,0.0,0.0,0.504137396812439,0.7925186697902642,0,0.0
248,14511,0.005077864930464277,0.02353976211929868,0.0,1.2065394437853163,0.012625857256352901,0.0585304415215302,0,3.0
249,14713,0.17852788154652036,1.0058672001312876,0.17842104511911389,0.5352631353573417,1.0005987882614136,5.63760401391983,1,3.0
250,09362,3.0697849548904186,14.377076092735996,0.0,4.124703536933283,4.465462684631348,20.913613738298416,0,6.0
251,14521,13.598199492998717,21.989836900167926,0.0,0.2876332101304417,47.276180267333984,76.45096645896882,0,1.0
252,14522,0.029076672321434956,0.1874755435324492,0.0,0.0,0.09085006266832352,0.5857673357671375,0,0.0
253,08337,38.40109642950957,67.03318928906825,0.0,1.7871929751401456,64.46046447753906,112.52258187252284,0,3.0
254,09774,0.29888992641470313,0.46999131218458856,0.0,1.623996167369045,0.3680919110774994,0.5788084006946863,0,2.0
255,05116,1.7745969596243865,8.449674992857057,1.1538639055985476,13.077124263450207,4.6138811111450195,21.968816994428636,3,34.0
256,05166,0.5135895078043275,2.3528272393932337,1.0078579323458565,4.031431729383426,1.5287556648254395,7.003449089050293,3,12.0
257,05370,0.009348289887852164,0.10016181946330956,0.7919945193979258,3.959972596989629,0.023606956005096436,0.2529356378361117,2,10.0
258,05554,0.3613268245608213,1.6405503283804896,1.0820578576336477,2.1641157152672954,1.3357024192810059,6.0645567769110205,4,8.0
259,05562,0.4481777790732119,2.6245885915851175,0.3237256942702171,2.751668401296845,2.768873691558838,16.214892040014266,2,17.0
260,12066,8.787749660656472,20.967110921908294,0.8892841262783459,4.44642063139173,9.881824493408203,23.577516231685877,1,5.0
261,09677,0.7594533354252136,1.6906913273345112,0.0,1.5857535897496888,0.9578453302383423,2.132350622774106,0,2.0
262,07336,0.338649556494324,1.6851563371438616,0.0,2.817020437483274,0.2404310256242752,1.1964104446820274,0,2.0
263,09374,2.5394861136295455,9.448985605175022,0.0,1.0517680220450578,2.414492607116699,8.983906533688307,0,1.0
264,09371,0.11872723336043359,0.20747895643295197,0.0,0.0,0.12296342104673386,0.21488180559847972,0,0.0
265,05914,1.7024720280883916,9.68741102703022,2.115909523708766,7.934660713907872,3.218421220779419,18.313469301939012,4,15.0
266,05954,1.435878990323749,6.835650257815666,0.920375267675807,7.669793897298392,4.680305004119873,22.281075441360475,3,25.0
267,09562,3.785537117042705,11.018470251621062,0.0,0.0,4.101099491119385,11.936969931796193,0,0.0
268,05366,9.956149338048323,34.24330516878343,1.5693249287264928,16.739465906415923,19.032672882080078,65.46121432590485,3,32.0
269,03155,0.40209597539341807,2.2508208528848135,0.0,0.7413118254062389,0.5424113869667053,3.0362672977074983,0,1.0
270,05911,0.4035903574067022,2.3431880624393995,3.2899967648365145,11.514988676927802,1.4720635414123535,8.546591002702714,12,42.0
271,09376,18.037871754087835,25.42098972743923,0.0,0.0,26.130382537841797,36.825862558757564,0,0.0
272,08335,2.7285575975578578,6.549523936345142,0.713551775316817,2.4974312136088592,7.647819519042969,18.35752965070307,2,7.0
273,08415,0.24020572754478065,1.2493111030019624,0.3544678905261367,1.06340367157841,0.677651584148407,3.5244690320119263,1,3.0
274,08421,2.469570771515371,7.755271777748312,0.8154212466160019,0.8154212466160019,3.028582811355591,9.51075509735942,1,1.0
275,03401,0.9291149192534064,6.072827867855403,0.0,0.0,0.7091283798217773,4.634964413583279,0,0.0
276,05758,0.29049187314934843,1.9249027407582309,0.7932667518106314,1.189900127715947,0.7323939204216003,4.8531032880544664,2,3.0
277,06433,3.449924600422694,12.863009704173706,0.3758805000714173,3.3829245006427557,9.178248405456543,34.22100827717781,1,9.0
278,09183,156.44396479511101,219.08794229474998,0.8925861791956012,2.677758537586804,175.2704315185547,245.4529852705002,1,3.0
279,03356,1.0315672210340567,4.019637749029771,0.0,0.0,1.1716437339782715,4.565464358970523,0,0.0
280,16055,0.2740141632786259,0.5471333618394101,0.0,4.677924872526548,0.17572802305221558,0.35088209628123207,0,3.0
281,03361,0.471875955225467,1.954377320920144,5.198856251624642,6.684243752088826,0.6353573799133301,2.6314713437529282,7,9.0
282,09363,1.7476641682520615,5.525794933671471,0.0,0.0,0.7349801659584045,2.3238730593555372,0,0.0
283,09272,0.21800559813005607,0.45407534052372506,0.0,0.0,0.17031033337116241,0.35473273752394446,0,0.0
284,03456,8.440111899277147,15.947978648207119,0.0,4.422756556736595,11.450024604797363,21.635346793730744,0,6.0
285,08425,1.2112112845146528,5.681032019066988,0.5205513680089952,2.0822054720359806,2.3267853260040283,10.913489749908447,1,4.0
286,07320,0.0055941704294214245,0.04712939437768859,0.0,0.0,0.00191656278911978,0.01614653051379611,0,0.0
287,07318,2.132509433894119,9.613314107749126,0.0,3.9774083207382067,1.0723110437393188,4.833958865940571,0,2.0
288,03158,0.38791326155691586,0.5994311117574845,0.0,0.826576073928964,0.46930134296417236,0.7251977533153224,0,1.0
289,08327,0.18338208498529687,1.1716461732703032,1.4640645359647453,2.196096803947118,0.25051093101501465,1.6005389714576304,2,3.0
290,05774,0.09252380757888198,0.7613373511133459,0.0,4.271650697264829,0.28157955408096313,2.316993187390268,0,13.0
291,05170,0.7869430174789731,4.703990474683152,0.6484187228744834,4.971210208704373,3.640902042388916,21.763670489788055,3,23.0
292,05754,2.8669672499265144,18.281409911817015,1.9409830247170323,13.309597883773936,10.33948802947998,65.93044233417511,7,48.0
293,03402,19.16665647487676,31.51734234701229,0.0,0.0,9.716344833374023,15.97740152939441,0,0.0
294,03405,0.1873393122777632,0.6877199307895111,0.0,0.0,0.14236851036548615,0.5226327614034889,0,0.0
295,03404,0.2005456102485056,1.238823733044411,1.8472565161973609,3.6945130323947217,0.3256920874118805,2.0118869071761147,3,6.0
296,03462,0.7805241942624632,1.1866925438963916,0.0,0.0,0.4462490975856781,0.6784677281218839,0,0.0
297,16052,0.9017569207418545,3.5493913029841075,1.041547322702607,1.041547322702607,0.8657858371734619,3.407806083908072,1,1.0
298,09474,0.18675038511709857,0.7365369672689742,0.0,0.0,0.21445293724536896,0.8457948609936539,0,0.0
299,09572,3.502142410155464,11.802799894533935,0.7455120176537245,5.218584123576072,4.697633743286133,15.83180366653204,1,7.0
300,03151,0.3337961384508374,1.72886473428846,0.0,0.0,0.5814895629882812,3.0117688103672116,0,0.0
301,03101,0.49846806423518514,2.632077572933462,0.0,0.0,1.2529692649841309,6.6160954704284665,0,0.0
302,09563,0.33414888235647716,2.014166227050225,1.6106820433112403,2.4160230649668604,0.4149160087108612,2.5010103457905353,2,3.0
303,07232,0.9190935636160427,4.832548281125361,0.0,16.464293064416545,0.8931751251220703,4.696270419597626,0,16.0
304,05122,15.74473961865384,54.85686767624461,1.260033012864937,10.710280609351964,24.990995407104492,87.07211178779602,2,17.0
305,12068,1.7590217736592244,7.3017985522205775,1.008979921299566,3.0269397638986986,1.7433664798736572,7.236812545105815,1,3.0
306,12065,0.20760007914782502,1.0893161287827988,0.481871976253349,0.963743952506698,0.4308199882507324,2.2605924030952154,1,2.0
307,12071,20.41894093338903,31.05688682750598,0.0,0.8500871339312279,24.019821166992188,36.53376881953666,0,1.0
308,15081,0.04162602474206802,0.16845243859957568,0.0,0.0,0.03586664795875549,0.1451453591949384,0,0.0
309,09479,0.9044278569582129,2.120468981684426,0.0,0.0,0.6619055271148682,1.5518652242457471,0,0.0
310,01002,0.2729316106726586,1.5162959613975775,1.2179971255267836,3.6539913765803513,0.6722469329833984,3.7347279306799175,3,9.0
311,05334,0.2544535824292535,1.30106897714447,0.18053083286094432,2.5274316600532205,1.4094743728637695,7.20690729957819,1,14.0
312,07143,0.45940233390318963,1.914342640865561,0.0,2.99547682998672,0.9201920628547668,3.834466596506536,0,6.0
313,07132,3.6351728062426996,9.66050324793853,0.0,1.5483351526271376,4.695589065551758,12.478568650394678,0,2.0
314,09278,0.9798596769784251,4.743494137968078,0.0,2.024168572758739,0.9681601524353027,4.686856817960739,0,2.0
315,09279,6.082357318894064,27.649586196204364,1.062654084842302,15.93981127263453,5.72374153137207,26.019366594076157,1,15.0
316,09274,31.269503653740074,85.36686948145974,0.6469267743584103,6.469267743584104,48.3354606628418,131.95754583835603,1,10.0
317,09173,21.456794247161223,78.43279252983234,0.8004482510205715,25.614344032658288,26.805973052978516,97.98608770751953,1,32.0
318,09190,0.2376053644809192,0.9055221283694367,0.0,3.762057393947602,0.3157917857170105,1.2034932399306835,0,5.0
319,10041,0.2921392087559453,0.9916141516918701,0.3054554340521718,1.2218217362086872,0.9564053416252136,3.246346409808844,1,4.0
320,08317,0.7446774523692918,3.0328928248242457,0.2380351625542125,1.9042813004337,3.128434658050537,12.741364730656146,1,8.0
321,08316,14.064205512026584,37.67600035223479,0.0,1.8509149689663258,22.79554557800293,61.066014890909194,0,3.0
322,05962,0.7702588750309791,3.8645439731651403,1.4417150642404204,4.805716880801401,3.205594062805176,16.083111298561096,6,20.0
323,09182,2.2330937231183503,8.093963605529225,1.0174389027938873,2.0348778055877745,2.1948184967041016,7.955233069330454,1,2.0
324,06411,0.9799950043934879,4.578721023743561,0.643695326128237,8.36803923966708,1.522451639175415,7.113180472016334,1,13.0
325,05111,1.9809454304147476,10.474613442403559,1.1434582752075377,6.0439937403826995,12.126912117004395,64.12327907943725,7,37.0
326,05158,4.969757356598468,21.922563900468376,6.00067455858831,24.41653785908347,24.017793655395508,105.94714759254455,29,118.0
327,05513,1.8011450086237428,8.84781502746286,0.3840717753333743,9.217722608000983,4.689605236053467,23.036879030704497,1,24.0
328,05916,2.1384012953759974,10.57065074716471,0.6416384880430668,3.2081924402153343,3.3327198028564453,16.47446489596367,1,5.0
329,09772,1.7820862683100498,6.975813229328646,0.0,4.478827361563518,4.376803874969482,17.132597291231157,0,11.0
330,09472,0.03025539591815596,0.20564068879157643,0.0,0.0,0.031558193266391754,0.2144955768509417,0,0.0
331,03403,1.0824816164236646,5.166260861749433,0.0,0.6103888176768602,1.7734296321868896,8.463885169804096,0,1.0
332,03451,0.12273533119367837,0.5957937108487147,0.0,0.0,0.14904364943504333,0.7235020927691367,0,0.0
333,03457,1.6735512030868318,3.906612420417404,0.0,1.1936877790245184,2.804001569747925,6.545450978160952,0,2.0
334,05362,0.5934387756784111,2.814923113862107,0.8571606126126898,2.5714818378380695,2.7693235874176025,13.136035755455493,4,12.0
335,14626,0.5900652133501493,1.1994571765152624,0.0,0.7692307692307692,1.5341695547103882,3.1185886589396823,0,2.0
336,05978,0.7801451912953546,4.476894141613111,0.7575088060398701,4.292549900892598,3.0896480083465576,17.730067713737487,3,17.0
337,07137,0.7149130018080576,1.955670650028878,1.8874601863866933,2.3593252329833665,1.515079379081726,4.1445550250737,4,5.0
338,07138,6.581233845135584,10.924774485889666,0.5535412803409815,6.088954083750796,11.889328002929688,19.736151347483975,1,11.0
339,09761,14.504506721238961,49.246506987797126,2.0951622703178363,9.777423928149902,41.53713607788086,141.02919192123414,6,28.0
340,09771,2.1798394188121426,7.161127184327457,0.0,0.7638485746585597,2.8537585735321045,9.375061264634132,0,1.0
341,10043,34.44205401175249,50.928000040647895,0.0,0.7477474109245897,46.06108093261719,68.10856085436046,0,1.0
342,10045,169.53876693557572,256.5729579253472,1.3832789243623083,4.84147623526808,245.1259307861328,370.963445486784,2,7.0
343,09189,0.24387460365439534,0.9440741486032406,0.5741780641012391,0.5741780641012391,0.424736887216568,1.6442184186903759,1,1.0
344,03157,0.022533338431363528,0.07325345850645168,0.0,0.7557436517533253,0.02981611341238022,0.09692897629573687,0,1.0
345,03254,0.06842595148748308,0.4563162895503577,2.165634982223746,2.526574145927704,0.18957751989364624,1.2642470960137435,6,7.0
346,03241,0.05026254356274345,0.3810299591195591,0.0873758498393595,0.349503399357438,0.5752452611923218,4.360815486431122,1,4.0
347,01061,2.3668838172834303,8.359113449915489,0.0,0.7607050214138463,3.1114344596862793,10.988639767855405,0,1.0
348,01051,0.37748672623225615,1.7684786374061694,0.0,0.0,0.5017440319061279,2.3506087504811584,0,0.0
349,09573,0.4191532587769549,1.8491743287928777,0.0,5.249757198729559,0.47905445098876953,2.113439832120668,0,6.0
350,09564,0.4387813033096416,2.3043131817321614,0.3921760870630913,4.117848914162459,2.2376749515533447,11.75142114853859,2,21.0
351,08236,0.32731874292646107,1.7934143216896226,0.5100323360501056,4.0802586884008445,0.6417607665061951,3.5162757239639757,1,8.0
352,08115,0.4644349598970813,2.656276758725988,1.8359162927080028,4.983201365921722,1.7708022594451904,10.127878588438033,7,19.0
353,09678,0.19395927557515355,1.0025827206760498,0.0,1.741963018125125,0.22269046306610107,1.1510952990897931,0,2.0
354,09662,0.5007096964082214,2.610191485693606,0.0,1.9242240566491562,0.26021382212638855,1.35649041320011,0,1.0
355,09462,8.762470335668793,14.581624562047974,0.0,0.0,6.32194709777832,10.520350489026372,0,0.0
356,05515,1.1012488488800125,3.6591371995169064,0.0,1.6127003376994509,3.4143009185791016,11.344752382010222,0,5.0
357,05570,0.21623057600581588,1.7234092412398037,1.4417999430489021,3.6044998576222556,0.5998906493186951,4.781271492064,4,10.0
358,05314,2.1571022444992227,7.835800314248797,0.3136674309696401,1.2546697238785605,6.877036094665527,24.981236623853444,1,4.0
359,05382,0.8614448079410841,3.5447838466330315,0.33545058561285984,2.1804288064835893,5.136045932769775,21.134462115526198,2,13.0
360,05315,2.7709809339735423,12.027493376461312,2.0743327720063136,9.900224593666497,29.388525009155273,127.56142980194092,22,105.0
361,15091,0.12105957091374835,0.6755083678443309,0.0,0.7785312229946982,0.15549738705158234,0.8676702332450077,0,1.0
362,05120,1.3949488958588119,5.835312624718137,0.9132503493182587,5.4795020959095515,1.5274550914764404,6.389608970940113,1,6.0
363,14612,0.01743271044740478,0.09104804788064441,0.18388268284834275,0.5516480485450282,0.09480343759059906,0.49514204638691445,1,3.0
364,14625,6.635837981086957,11.341398884627353,0.0,0.3265060909711271,20.323780059814453,34.735642605914734,0,1.0
365,07340,460.0017035232614,606.8654430397688,0.0,12.438584489085143,443.78204345703125,585.4673675181866,0,12.0
366,07337,0.1430484240885535,0.24975841850854974,0.0,0.0,0.15810570120811462,0.2760479896407597,0,0.0
367,05162,0.3296858719338013,2.196165285690147,1.333256300747068,4.888606436072583,1.4836721420288086,9.883314788579941,6,22.0
368,06432,0.21610015933923493,1.1064736805195718,0.0,0.6831231021986317,0.6326829195022583,3.2394561886675657,0,2.0
369,09679,0.41694256557118453,2.304572182665963,0.0,0.6233364707935697,0.6688884496688843,3.697156015485525,0,1.0
370,08128,4.283405382193586,8.92361379685559,3.026153531899441,25.722305021145246,5.661848068237305,11.795321952821688,4,34.0
371,03358,0.0736577781490433,0.3876096812762557,0.7129413106713055,2.1388239320139166,0.10331534594297409,0.5436768433453274,1,3.0
372,03351,0.920628135705116,1.1775169238226995,0.0,0.0,1.638451099395752,2.0956386444964963,0,0.0
373,09777,0.7183938877234329,4.019109025525181,0.7261689504680159,2.1785068514040478,0.9892930388450623,5.534674847960472,1,3.0
374,09172,0.28186666347909667,1.8868885840169254,2.887197205193105,13.473586957567825,0.292879194021225,1.9606093209944666,3,14.0
375,12062,0.1630154832963128,0.6986926340967562,0.0,0.0,0.1706331968307495,0.7313425408880976,0,0.0
376,15001,1.9996184832562205,2.773319464233124,0.0,0.0,1.6580636501312256,2.299608766547464,0,0.0
377,15082,0.15925443455186053,0.2802335795754775,0.0,0.0,0.26247838139533997,0.4618725788489148,0,0.0
378,09180,42.959655143579326,64.70878103915183,0.0,2.288722320764433,37.5402946472168,56.54576831106283,0,2.0
379,09473,1.3008763450696827,6.900056456402861,4.618990981420109,18.475963925680436,1.1265459060668945,5.975379890680313,4,16.0
380,16075,0.2065976991545487,0.6306168981673483,0.0,0.0,0.1713748574256897,0.5231030231987971,0,0.0
381,14523,0.00782767006789332,0.04905180998629562,0.0,0.430444476966916,0.0181850865483284,0.11395618392396227,0,1.0
382,09561,4.395288125735139,12.781615184970342,0.0,0.0,1.8090566396713257,5.260784993981942,0,0.0
383,14524,0.0230994514742042,0.11046671543116802,0.30813412462176537,0.6162682492435307,0.07496557384729385,0.35850205025738685,1,2.0
384,16076,0.08820154023801921,0.4819653242325848,0.0,0.0,0.08918410539627075,0.48733441794453575,0,0.0
385,16072,0.513297664967689,2.7724138442531174,0.0,0.0,0.29164546728134155,1.575230098027736,0,0.0
386,16073,0.011442645834162473,0.04549899625024838,0.0,0.0,0.012504294514656067,0.04972039312234642,0,0.0
387,09476,1.0577202987682133,4.490260156767234,0.0,1.4724070911125509,0.7183613181114197,3.049605088070035,0,1.0
388,09475,0.4220827734804523,0.6810416722920827,0.0,2.0740648560080475,0.40701019763946533,0.6567216741745324,0,2.0
389,09571,2.622138615345257,4.598970565683764,0.0,0.5515293910012464,4.7543044090271,8.33857749146386,0,1.0
390,01053,0.014682689157683448,0.08999547081039447,0.0,1.036274799351292,0.028337443247437477,0.17369035870935323,0,2.0
391,09565,15.30638903577002,44.092576906632,0.0,7.420599584446424,6.1880669593811035,17.825746991813183,0,3.0
392,13076,0.059013227776771586,0.29953984720628624,0.0,0.0,0.12635499238967896,0.6413537530487956,0,0.0
393,13075,0.08840912612448232,0.2754520815707491,0.839073997935878,1.258610996903817,0.21073022484779358,0.6565620725904061,2,3.0
394,13004,0.2638479648542798,0.4857225470394798,0.0,0.0,0.25540482997894287,0.47017942553421643,0,0.0
395,13071,0.01725401144647431,0.07374015566029433,0.0,0.0,0.045294713228940964,0.19358044443473488,0,0.0
396,13072,0.5750924441390609,0.8296279592927338,0.0,0.0,1.2276670932769775,1.7710316935409778,0,0.0
397,13073,0.0029022935219490172,0.019160164615226582,0.0,0.0,0.00652493629604578,0.043075882087952405,0,0.0
398,13003,0.01641492441034519,0.09944121792751057,0.0,0.0,0.03381654992699623,0.20485984746464378,0,0.0
399,13074,0.020369788182554527,0.0835009502273029,0.0,0.0,0.03183186799287796,0.13048693492020624,0,0.0
400,11001,2.9943840774292387,12.129605711713909,1.1184525091083977,4.473810036433591,10.709025382995605,43.379957979202274,4,16.0
401,11002,1.4700909631771386,6.13228381335465,2.2027644694091086,2.569891880977293,4.004307270050049,16.703421265006064,6,7.0
402,11003,0.4971066097692629,2.567197855549677,0.5197370130713859,2.0789480522855435,1.9129159450531006,9.878834067940712,2,8.0
403,11004,0.47091912033079514,2.4517913479463,0.0,2.918543452247765,1.452187418937683,7.560662533402443,0,9.0
404,11006,0.5780593244384585,2.9449338413085058,0.7036307345904869,2.8145229383619474,1.6430758237838745,8.370679950535298,2,8.0
405,11007,0.841760117736569,4.220803719578161,0.30046180980166515,5.1078507666283075,2.8015544414520264,14.047721147537231,1,17.0
406,11008,0.8212820738452026,4.547314922392473,0.6249667986388223,3.7498007918329344,2.628242254257202,14.552180795192719,2,12.0
407,11009,0.08861996576587233,0.5987180484328753,0.4003939876838809,0.8007879753677618,0.2213319092988968,1.4953222746830435,1,2.0
408,11010,2.0224186424092814,8.923621777819605,0.0,1.951859341208435,5.18074893951416,22.85928496336937,0,5.0
409,11011,2.2527945767274464,10.349049229975956,0.3656908814978698,9.507962918944617,6.160379409790039,28.29999257183075,1,26.0
410,11012,0.6277243500377658,3.6137566250624173,0.39873044227180654,2.791113095902646,1.5743075609207153,9.06315706539154,1,7.0
411,11005,0.43763419490413713,2.644728638497451,0.43558370394246815,0.43558370394246815,1.0047074556350708,6.071688666403293,1,1.0
